{"mean_kendall_taus": 0.8187176295811666, "median_kendall_taus": 0.8187292984040953, "std_kendall_taus": 0.12559483219853695, "MSE": 0.01494736403509711, "top_10_comet_mean": 0.7346747859810864, "top_10_comet_median": 0.9212470650672913, "top_10_comet_std": 0.5778464310101004, "best_comet_mean": 0.6945652361633142, "best_comet_median": 0.9175936579704285, "best_comet_std": 0.6180383563541896}