{"mean_kendall_taus": 0.7747458371265423, "median_kendall_taus": 0.769230769230769, "std_kendall_taus": 0.13456498521422797, "MSE": 0.0010328308940409957, "best_bleurt_mean": 0.4791886897981167, "best_bleurt_median": 0.8014296889305115, "best_bleurt_std": 0.7275052955266413, "top_10_bleurt_mean": 0.5232946099460125, "top_10_bleurt_median": 0.8126944601535797, "top_10_bleurt_std": 0.6927662371208786, "top_10_unigram_f1_mean": 0.7304369956703778, "top_10_unigram_f1_median": 0.7692307692307692, "top_10_unigram_f1_std": 0.2555106195890102, "best_unigram_f1_mean": 0.7273879057315542, "best_unigram_f1_median": 0.7692307692307692, "best_unigram_f1_std": 0.2587275655935156}