{"mean_kendall_taus": 0.7747458371265423, "median_kendall_taus": 0.769230769230769, "std_kendall_taus": 0.13456498521422797, "MSE": 0.0010327780679497225, "top_10_unigram_f1_mean": 0.7304369956703778, "top_10_unigram_f1_median": 0.7692307692307692, "top_10_unigram_f1_std": 0.2555106195890102, "best_unigram_f1_mean": 0.7273879057315542, "best_unigram_f1_median": 0.7692307692307692, "best_unigram_f1_std": 0.2587275655935156}