{"mean_kendall_taus": 0.7092117965180131, "median_kendall_taus": 0.6888888888888888, "std_kendall_taus": 0.16633005213932042, "MSE": 0.002955737766262732, "best_bleurt_mean": 0.41975784627199175, "best_bleurt_median": 0.739121675491333, "best_bleurt_std": 0.7473017908461158, "top_10_bleurt_mean": 0.4838276390194893, "top_10_bleurt_median": 0.776454746723175, "top_10_bleurt_std": 0.7057872999801823, "top_10_unigram_f1_mean": 0.7212337736578655, "top_10_unigram_f1_median": 0.75, "top_10_unigram_f1_std": 0.2549664343379403, "best_unigram_f1_mean": 0.7133259577813824, "best_unigram_f1_median": 0.75, "best_unigram_f1_std": 0.2568688867853737}