{"mean_kendall_taus": 0.7061651754445263, "median_kendall_taus": 0.7103448275862069, "std_kendall_taus": 0.16213684716374155, "MSE": 0.0026977361948144645, "best_bleurt_mean": 0.5308709695488214, "best_bleurt_median": 0.8312396705150604, "best_bleurt_std": 0.6950687470799144, "top_10_bleurt_mean": 0.5320154912054539, "top_10_bleurt_median": 0.8229322135448456, "top_10_bleurt_std": 0.6875543098660908, "top_10_unigram_f1_mean": 0.7317611703364933, "top_10_unigram_f1_median": 0.7692307692307692, "top_10_unigram_f1_std": 0.25499394959591415, "best_unigram_f1_mean": 0.7348395811607358, "best_unigram_f1_median": 0.7777777777777777, "best_unigram_f1_std": 0.2552685150374529}