{"mean_kendall_taus": 0.7061651754445263, "median_kendall_taus": 0.7103448275862069, "std_kendall_taus": 0.16213684716374155, "MSE": 0.0026977361948144645, "top_10_unigram_f1_mean": 0.7317611703364933, "top_10_unigram_f1_median": 0.7692307692307692, "top_10_unigram_f1_std": 0.25499394959591415, "best_unigram_f1_mean": 0.7348395811607358, "best_unigram_f1_median": 0.7777777777777777, "best_unigram_f1_std": 0.2552685150374529}