{"mean_kendall_taus": 0.7841698127418263, "median_kendall_taus": 0.7672908863920099, "std_kendall_taus": 0.125337910546717, "MSE": 0.0009739673144394905, "top_10_unigram_f1_mean": 0.726886891428146, "top_10_unigram_f1_median": 0.7692307692307692, "top_10_unigram_f1_std": 0.25503394972983423, "best_unigram_f1_mean": 0.721686411258444, "best_unigram_f1_median": 0.75, "best_unigram_f1_std": 0.25772679520037095}