{"mean_kendall_taus": 0.527642511158886, "median_kendall_taus": 0.4715168153740563, "std_kendall_taus": 0.2513566908206929, "MSE": 0.013414132047350986, "top_10_chrf_mean": 0.6844206973432494, "top_10_chrf_median": 0.6901506985416379, "top_10_chrf_std": 0.24833583143351282, "best_chrf_mean": 0.6712517669560027, "best_chrf_median": 0.6734324583513503, "best_chrf_std": 0.26026588429819836}