{"mean_kendall_taus": 0.5319803953872503, "median_kendall_taus": 0.48282828282828294, "std_kendall_taus": 0.2604926378466502, "MSE": 0.013285302626405262, "best_bleurt_mean": 0.4079374508440495, "best_bleurt_median": 0.7339513897895813, "best_bleurt_std": 0.7514651092106385, "top_10_bleurt_mean": 0.4460033129930496, "top_10_bleurt_median": 0.748816579580307, "top_10_bleurt_std": 0.7206169252488487, "top_10_chrf_mean": 0.684467284205826, "top_10_chrf_median": 0.6947010988237361, "top_10_chrf_std": 0.2505180598984453, "best_chrf_mean": 0.6751559901370447, "best_chrf_median": 0.6791108926941911, "best_chrf_std": 0.25906598971210715}