{"mean_kendall_taus": 0.7928234729642173, "median_kendall_taus": 0.7890070921985817, "std_kendall_taus": 0.14779132771890102, "MSE": 0.022850199045345763, "best_bleurt_mean": 0.5334830043971539, "best_bleurt_median": 0.8043055534362793, "best_bleurt_std": 0.6644176798329839, "top_10_bleurt_mean": 0.5624854298233986, "top_10_bleurt_median": 0.8159245550632477, "top_10_bleurt_std": 0.6497363305152536, "top_10_comet_mean": 0.7263543168949091, "top_10_comet_median": 0.9185312688350677, "top_10_comet_std": 0.5824373838822204, "best_comet_mean": 0.6826872259490404, "best_comet_median": 0.9105370044708252, "best_comet_std": 0.6267907051830475}