{"mean_kendall_taus": 0.7928234729642173, "median_kendall_taus": 0.7890070921985817, "std_kendall_taus": 0.14779132771890102, "MSE": 0.022850199045345763, "top_10_comet_mean": 0.7263543168949091, "top_10_comet_median": 0.9185312688350677, "top_10_comet_std": 0.5824373838822204, "best_comet_mean": 0.6826872259490404, "best_comet_median": 0.9105370044708252, "best_comet_std": 0.6267907051830475}