{"mean_kendall_taus": 0.3347248000537065, "median_kendall_taus": 0.34968020237044006, "std_kendall_taus": 0.3073799877257259, "MSE": 0.01272496245331171, "best_bleurt_mean": 0.1329161813288927, "best_bleurt_median": 0.37036794424057007, "best_bleurt_std": 0.811615098318486, "top_10_bleurt_mean": 0.30485951603651046, "top_10_bleurt_median": 0.5897226929664612, "top_10_bleurt_std": 0.7389764343755978, "top_10_unigram_f1_mean": 0.6624965029440176, "top_10_unigram_f1_median": 0.6666666666666666, "top_10_unigram_f1_std": 0.24406706848041418, "best_unigram_f1_mean": 0.6179111874546799, "best_unigram_f1_median": 0.6666666666666665, "best_unigram_f1_std": 0.2616358847797697}