{"mean_kendall_taus": 0.3346319760615802, "median_kendall_taus": 0.349527665317139, "std_kendall_taus": 0.30743575709526283, "MSE": 0.01272426905014398, "top_10_unigram_f1_mean": 0.6625295188170335, "top_10_unigram_f1_median": 0.6666666666666666, "top_10_unigram_f1_std": 0.24415409756405002, "best_unigram_f1_mean": 0.617902529446022, "best_unigram_f1_median": 0.6666666666666665, "best_unigram_f1_std": 0.2616256399355685}