{"mean_kendall_taus": 0.7694480901476378, "median_kendall_taus": 0.7633656157488199, "std_kendall_taus": 0.1300098847174769, "MSE": 0.0011917172882754097, "top_10_unigram_f1_mean": 0.7301379090979448, "top_10_unigram_f1_median": 0.7692307692307692, "top_10_unigram_f1_std": 0.25572323088990767, "best_unigram_f1_mean": 0.7278800694120667, "best_unigram_f1_median": 0.7692307692307692, "best_unigram_f1_std": 0.2576194969874872}