{"mean_kendall_taus": 0.7778927919862543, "median_kendall_taus": 0.7741414141414142, "std_kendall_taus": 0.13480203619809947, "MSE": 0.0010847373969514922, "top_10_unigram_f1_mean": 0.730423578133013, "top_10_unigram_f1_median": 0.7692307692307692, "top_10_unigram_f1_std": 0.25523658004952093, "best_unigram_f1_mean": 0.7288394680306653, "best_unigram_f1_median": 0.7692307692307692, "best_unigram_f1_std": 0.2572233982349485}