{"mean_kendall_taus": 0.7802629878681884, "median_kendall_taus": 0.7789473684210527, "std_kendall_taus": 0.1330225215792305, "MSE": 0.0012667493261497823, "top_10_unigram_f1_mean": 0.7307702173011581, "top_10_unigram_f1_median": 0.7692307692307692, "top_10_unigram_f1_std": 0.2541646139529422, "best_unigram_f1_mean": 0.7340464888478487, "best_unigram_f1_median": 0.7692307692307693, "best_unigram_f1_std": 0.25576398469935235}