{"mean_kendall_taus": 0.7429212147321563, "median_kendall_taus": 0.7371688597757301, "std_kendall_taus": 0.14620777971030469, "MSE": 0.0015768644296074203, "top_10_unigram_f1_mean": 0.7292161205567095, "top_10_unigram_f1_median": 0.7692307692307692, "top_10_unigram_f1_std": 0.2560402989248161, "best_unigram_f1_mean": 0.7264248689354367, "best_unigram_f1_median": 0.75, "best_unigram_f1_std": 0.2588452060723862}