{"mean_kendall_taus": 0.2549231223517365, "median_kendall_taus": 0.2777777777777778, "std_kendall_taus": 0.32229501483559214, "MSE": 0.020053558361110106, "top_10_chrf_mean": 0.6220530718981471, "top_10_chrf_median": 0.6269501715533714, "top_10_chrf_std": 0.22654261426139163, "best_chrf_mean": 0.5733712369481457, "best_chrf_median": 0.5594919930353156, "best_chrf_std": 0.23500802633051204}