{"mean_kendall_taus": 0.2548485766692627, "median_kendall_taus": 0.2775757575757576, "std_kendall_taus": 0.32234851819399873, "MSE": 0.02005313972535903, "best_bleurt_mean": 0.08031846489608288, "best_bleurt_median": 0.29675552248954773, "best_bleurt_std": 0.8048500068799421, "top_10_bleurt_mean": 0.2510479856193066, "top_10_bleurt_median": 0.507196456193924, "top_10_bleurt_std": 0.7377753997917511, "top_10_chrf_mean": 0.6219808556417351, "top_10_chrf_median": 0.6269501715533714, "top_10_chrf_std": 0.22659854670030205, "best_chrf_mean": 0.5734319689097916, "best_chrf_median": 0.5594919930353156, "best_chrf_std": 0.23505316605482132}