{"mean_kendall_taus": 0.8062585237738626, "median_kendall_taus": 0.8077003997475279, "std_kendall_taus": 0.13616192376975056, "MSE": 0.01778688663755687, "best_bleurt_mean": 0.5412324226737022, "best_bleurt_median": 0.8072333633899689, "best_bleurt_std": 0.6595393758444589, "top_10_bleurt_mean": 0.5682179941594601, "top_10_bleurt_median": 0.8146097660064697, "top_10_bleurt_std": 0.642399854178668, "top_10_comet_mean": 0.7304018482185332, "top_10_comet_median": 0.918801873922348, "top_10_comet_std": 0.5790481420090436, "best_comet_mean": 0.6914657688189743, "best_comet_median": 0.9113532900810242, "best_comet_std": 0.6165287377793089}