{"mean_kendall_taus": 0.8062585237738626, "median_kendall_taus": 0.8077003997475279, "std_kendall_taus": 0.13616192376975056, "MSE": 0.01778688663755687, "top_10_comet_mean": 0.7304018482185332, "top_10_comet_median": 0.918801873922348, "top_10_comet_std": 0.5790481420090436, "best_comet_mean": 0.6914657688189743, "best_comet_median": 0.9113532900810242, "best_comet_std": 0.6165287377793089}