{"mean_kendall_taus": 0.40448909357615237, "median_kendall_taus": 0.4152046783625731, "std_kendall_taus": 0.2804947036565357, "MSE": 0.011753613672932345, "best_bleurt_mean": 0.31855605307519436, "best_bleurt_median": 0.5927909314632416, "best_bleurt_std": 0.7391476580067912, "top_10_bleurt_mean": 0.42173493744134904, "top_10_bleurt_median": 0.6715982556343079, "top_10_bleurt_std": 0.691776394046311, "top_10_chrf_mean": 0.660510539910067, "top_10_chrf_median": 0.669220261750486, "top_10_chrf_std": 0.2360269517804473, "best_chrf_mean": 0.6231636693284658, "best_chrf_median": 0.6209912425460808, "best_chrf_std": 0.24130272362655833}