{"mean_kendall_taus": 0.4042921563809671, "median_kendall_taus": 0.4152046783625731, "std_kendall_taus": 0.2803956909811904, "MSE": 0.01175379625096432, "top_10_chrf_mean": 0.6606163745410921, "top_10_chrf_median": 0.6700606736860282, "top_10_chrf_std": 0.23599967061647056, "best_chrf_mean": 0.6231481873882374, "best_chrf_median": 0.6209912425460808, "best_chrf_std": 0.24130411244603683}