{"mean_kendall_taus": 0.7001949436785453, "median_kendall_taus": 0.6905095839177184, "std_kendall_taus": 0.18210395127332918, "MSE": 0.0023486418463816053, "top_10_chrf_mean": 0.7000354103316156, "top_10_chrf_median": 0.711559505852918, "top_10_chrf_std": 0.2512893894753865, "best_chrf_mean": 0.6892243111707604, "best_chrf_median": 0.7002775908203396, "best_chrf_std": 0.2568854154074473}