{"mean_kendall_taus": 0.5283397843151094, "median_kendall_taus": 0.5555555555555556, "std_kendall_taus": 0.24831942545087024, "MSE": 0.005831162378532284, "top_10_unigram_f1_mean": 0.7021148693664444, "top_10_unigram_f1_median": 0.75, "top_10_unigram_f1_std": 0.24802280904314525, "best_unigram_f1_mean": 0.6781117196002089, "best_unigram_f1_median": 0.7142857142857143, "best_unigram_f1_std": 0.2541776339749769}