{"mean_kendall_taus": 0.5284958777554745, "median_kendall_taus": 0.5555555555555556, "std_kendall_taus": 0.2482373514950349, "MSE": 0.005831369777643615, "best_bleurt_mean": 0.3530418268233538, "best_bleurt_median": 0.6545476317405701, "best_bleurt_std": 0.7545966308366431, "top_10_bleurt_mean": 0.4505764612942934, "top_10_bleurt_median": 0.7350014746189117, "top_10_bleurt_std": 0.7096883829330263, "top_10_unigram_f1_mean": 0.7020260155637975, "top_10_unigram_f1_median": 0.75, "top_10_unigram_f1_std": 0.2482286095982254, "best_unigram_f1_mean": 0.6781117196002089, "best_unigram_f1_median": 0.7142857142857143, "best_unigram_f1_std": 0.2541776339749769}