{"mean_kendall_taus": 0.806061602070292, "median_kendall_taus": 0.8084997439836148, "std_kendall_taus": 0.13582150402055632, "MSE": 0.018374483056360417, "top_10_comet_mean": 0.7320123311925821, "top_10_comet_median": 0.919357419013977, "top_10_comet_std": 0.5773730702439882, "best_comet_mean": 0.6911261080125699, "best_comet_median": 0.9106192588806152, "best_comet_std": 0.6170229489431833}