{"mean_kendall_taus": 0.806061602070292, "median_kendall_taus": 0.8084997439836148, "std_kendall_taus": 0.13582150402055632, "MSE": 0.018374483056360417, "best_bleurt_mean": 0.5411336458742618, "best_bleurt_median": 0.8091801106929779, "best_bleurt_std": 0.6606626701655167, "top_10_bleurt_mean": 0.5703683255106211, "top_10_bleurt_median": 0.8154926300048828, "top_10_bleurt_std": 0.6407762104642452, "top_10_comet_mean": 0.7320123311925821, "top_10_comet_median": 0.919357419013977, "top_10_comet_std": 0.5773730702439882, "best_comet_mean": 0.6911261080125699, "best_comet_median": 0.9106192588806152, "best_comet_std": 0.6170229489431833}