{"mean_kendall_taus": 0.7534433304710405, "median_kendall_taus": 0.7491289198606271, "std_kendall_taus": 0.1559047766747183, "MSE": 0.0015422591277944886, "best_bleurt_mean": 0.4827554777652025, "best_bleurt_median": 0.8010380268096924, "best_bleurt_std": 0.726262484482032, "top_10_bleurt_mean": 0.5289379195541143, "top_10_bleurt_median": 0.8107973337173462, "top_10_bleurt_std": 0.6862957663426414, "top_10_chrf_mean": 0.7047077160516944, "top_10_chrf_median": 0.7138240419062872, "top_10_chrf_std": 0.25300872382090556, "best_chrf_mean": 0.6988599595386317, "best_chrf_median": 0.7094331478346066, "best_chrf_std": 0.25852483065630133}