{"mean_kendall_taus": 0.7534433304710405, "median_kendall_taus": 0.7491289198606271, "std_kendall_taus": 0.1559047766747183, "MSE": 0.0015422591277944886, "top_10_chrf_mean": 0.7047077160516944, "top_10_chrf_median": 0.7138240419062872, "top_10_chrf_std": 0.25300872382090556, "best_chrf_mean": 0.6988599595386317, "best_chrf_median": 0.7094331478346066, "best_chrf_std": 0.25852483065630133}