{"mean_kendall_taus": 0.9258569043727654, "median_kendall_taus": 0.9285714285714285, "std_kendall_taus": 0.07609929302062794, "MSE": 0.0018147214794288586, "top_10_comet_mean": 0.7387374265041508, "top_10_comet_median": 0.9264620840549469, "top_10_comet_std": 0.5776566114821736, "best_comet_mean": 0.7297103519810199, "best_comet_median": 0.9325212836265564, "best_comet_std": 0.5916588412394911}