{"mean_kendall_taus": 0.4201494490367131, "median_kendall_taus": 0.43209876543209874, "std_kendall_taus": 0.26917239833914824, "MSE": 0.011593159193296556, "top_10_chrf_mean": 0.676984044157599, "top_10_chrf_median": 0.6828943735287516, "top_10_chrf_std": 0.24235796415366112, "best_chrf_mean": 0.6534137726226409, "best_chrf_median": 0.6573010362450278, "best_chrf_std": 0.2450070308613197}