{"mean_kendall_taus": 0.6873026132959055, "median_kendall_taus": 0.6947996589940324, "std_kendall_taus": 0.17210578440587473, "MSE": 0.00392768376611881, "top_10_chrf_mean": 0.7055377685889208, "top_10_chrf_median": 0.7147404498374402, "top_10_chrf_std": 0.25350579953733965, "best_chrf_mean": 0.7034698916122827, "best_chrf_median": 0.7072421408805432, "best_chrf_std": 0.2592704596675411}