{"mean_kendall_taus": 0.6872887601227199, "median_kendall_taus": 0.6946236559139786, "std_kendall_taus": 0.17210452873648724, "MSE": 0.00392777714942081, "best_bleurt_mean": 0.5204472150087357, "best_bleurt_median": 0.8234644532203674, "best_bleurt_std": 0.7054893094244189, "top_10_bleurt_mean": 0.5381816875159741, "top_10_bleurt_median": 0.8156195878982544, "top_10_bleurt_std": 0.6792611622526052, "top_10_chrf_mean": 0.7055136653225698, "top_10_chrf_median": 0.7147404498374402, "top_10_chrf_std": 0.2535477707787251, "best_chrf_mean": 0.7035465005626352, "best_chrf_median": 0.7072421408805432, "best_chrf_std": 0.2593340427809465}