{"mean_kendall_taus": 0.7002053632219254, "median_kendall_taus": 0.689900426742532, "std_kendall_taus": 0.18098412806379194, "MSE": 0.002740215966605686, "best_bleurt_mean": 0.4377572171419859, "best_bleurt_median": 0.7629891335964203, "best_bleurt_std": 0.7457931337565865, "top_10_bleurt_mean": 0.5017019040644168, "top_10_bleurt_median": 0.7815288007259369, "top_10_bleurt_std": 0.6941339934041634, "top_10_chrf_mean": 0.69975542701874, "top_10_chrf_median": 0.7120917916201848, "top_10_chrf_std": 0.25137579364824997, "best_chrf_mean": 0.6889414184751722, "best_chrf_median": 0.6999998903799467, "best_chrf_std": 0.25617336487760956}