{"mean_kendall_taus": 0.8770729552174467, "median_kendall_taus": 0.8836363636363638, "std_kendall_taus": 0.10109538053227721, "MSE": 0.00026652783078043074, "top_10_chrf_mean": 0.7071441048567105, "top_10_chrf_median": 0.7188289256051505, "top_10_chrf_std": 0.25385609404296783, "best_chrf_mean": 0.7030191480540053, "best_chrf_median": 0.7152244166735048, "best_chrf_std": 0.25758532466048195}