{"mean_kendall_taus": 0.7144759824717211, "median_kendall_taus": 0.7791245791245792, "std_kendall_taus": 0.25352392582949596, "MSE": 0.05109517033385365, "top_10_comet_mean": 0.7227684986909245, "top_10_comet_median": 0.895386815071106, "top_10_comet_std": 0.5613338899830362, "best_comet_mean": 0.7357877940945721, "best_comet_median": 0.8897519111633301, "best_comet_std": 0.5211464849315282}