{"mean_kendall_taus": 0.6884642818254153, "median_kendall_taus": 0.6736842105263158, "std_kendall_taus": 0.21671013791269236, "MSE": 0.09147853074738385, "best_bleurt_mean": 0.5122827095270157, "best_bleurt_median": 0.7939282357692719, "best_bleurt_std": 0.6835090472063919, "top_10_bleurt_mean": 0.5572357471555471, "top_10_bleurt_median": 0.8145262897014618, "top_10_bleurt_std": 0.6489237076137482, "top_10_comet_mean": 0.7122830016921319, "top_10_comet_median": 0.9137129187583923, "top_10_comet_std": 0.5948145447733206, "best_comet_mean": 0.6352955693428978, "best_comet_median": 0.8991552889347076, "best_comet_std": 0.6777817996706191}