{"mean_kendall_taus": 0.6848831062679036, "median_kendall_taus": 0.668997668997669, "std_kendall_taus": 0.2183144499775436, "MSE": 0.09221244103007978, "top_10_comet_mean": 0.7116540272857852, "top_10_comet_median": 0.9116938710212708, "top_10_comet_std": 0.5912907911825442, "best_comet_mean": 0.6420293471955253, "best_comet_median": 0.8991981148719788, "best_comet_std": 0.6676500392927509}