{"mean_kendall_taus": 0.6409557083772539, "median_kendall_taus": 0.6428571428571428, "std_kendall_taus": 0.19240083485170106, "MSE": 0.08668754278375597, "best_bleurt_mean": 0.5716080582588912, "best_bleurt_median": 0.8339566290378571, "best_bleurt_std": 0.6467330751501724, "top_10_bleurt_mean": 0.5904043238252401, "top_10_bleurt_median": 0.840867429971695, "top_10_bleurt_std": 0.6295809790099777, "top_10_comet_mean": 0.7268195888924069, "top_10_comet_median": 0.928504228591919, "top_10_comet_std": 0.5950878222834605, "best_comet_mean": 0.6663777939782339, "best_comet_median": 0.9277756214141846, "best_comet_std": 0.6718052908236581}