{"mean_kendall_taus": 0.641278229646433, "median_kendall_taus": 0.6428571428571428, "std_kendall_taus": 0.19238389570063114, "MSE": 0.08668967900599889, "top_10_comet_mean": 0.7265743900054141, "top_10_comet_median": 0.9285149574279785, "top_10_comet_std": 0.595373769085535, "best_comet_mean": 0.6661314864534731, "best_comet_median": 0.927890419960022, "best_comet_std": 0.672042830173282}