{"mean_kendall_taus": 0.8989376912497556, "median_kendall_taus": 0.9047619047619049, "std_kendall_taus": 0.08599720967435184, "MSE": 0.003641792946895544, "top_10_comet_mean": 0.7380125447249026, "top_10_comet_median": 0.9259383082389832, "top_10_comet_std": 0.5786343375954285, "best_comet_mean": 0.7210737057310127, "best_comet_median": 0.9235919117927551, "best_comet_std": 0.5955446311501157}