{"mean_kendall_taus": 0.8823857111126576, "median_kendall_taus": 0.8789915966386554, "std_kendall_taus": 0.08700389020934457, "MSE": 0.00019327694342261508, "top_10_unigram_f1_mean": 0.7304212250528237, "top_10_unigram_f1_median": 0.7692307692307692, "top_10_unigram_f1_std": 0.25489122671589265, "best_unigram_f1_mean": 0.7302813780657059, "best_unigram_f1_median": 0.7692307692307692, "best_unigram_f1_std": 0.2547735811775354}