{"mean_kendall_taus": 0.8823857111126576, "median_kendall_taus": 0.8789915966386554, "std_kendall_taus": 0.08700389020934457, "MSE": 0.00019327694342261508, "best_bleurt_mean": 0.4869797823816538, "best_bleurt_median": 0.8103486597537994, "best_bleurt_std": 0.7187489089436209, "top_10_bleurt_mean": 0.524299138429761, "top_10_bleurt_median": 0.8157466948032379, "top_10_bleurt_std": 0.693508228707383, "top_10_unigram_f1_mean": 0.7304212250528237, "top_10_unigram_f1_median": 0.7692307692307692, "top_10_unigram_f1_std": 0.25489122671589265, "best_unigram_f1_mean": 0.7302813780657059, "best_unigram_f1_median": 0.7692307692307692, "best_unigram_f1_std": 0.2547735811775354}