{"mean_kendall_taus": 0.7013425420543776, "median_kendall_taus": 0.6923076923076922, "std_kendall_taus": 0.1832981087825912, "MSE": 0.002673586722857259, "best_bleurt_mean": 0.43199541495144367, "best_bleurt_median": 0.7696455717086792, "best_bleurt_std": 0.7451333978896107, "top_10_bleurt_mean": 0.49587136232852935, "top_10_bleurt_median": 0.7920671105384827, "top_10_bleurt_std": 0.704399502783977, "top_10_chrf_mean": 0.7009767700526012, "top_10_chrf_median": 0.7140084526214112, "top_10_chrf_std": 0.25248000177622865, "best_chrf_mean": 0.6903638327370282, "best_chrf_median": 0.6986218537014632, "best_chrf_std": 0.2558911832351796}