{"mean_kendall_taus": 0.8065242076835609, "median_kendall_taus": 0.8084997439836148, "std_kendall_taus": 0.13588675706358427, "MSE": 0.01748096771496253, "best_bleurt_mean": 0.5413082215845585, "best_bleurt_median": 0.8080589771270752, "best_bleurt_std": 0.6585811301449966, "top_10_bleurt_mean": 0.5697571929425002, "top_10_bleurt_median": 0.8159245550632477, "top_10_bleurt_std": 0.6414808763582065, "top_10_comet_mean": 0.7316898738032557, "top_10_comet_median": 0.9198880195617676, "top_10_comet_std": 0.5781163680617033, "best_comet_mean": 0.6905807390007864, "best_comet_median": 0.9106192588806152, "best_comet_std": 0.6170269331427038}