{"mean_kendall_taus": 0.5492762856302671, "median_kendall_taus": 0.5071474122036184, "std_kendall_taus": 0.24621057214571496, "MSE": 0.009653107777117783, "best_bleurt_mean": 0.42306240855753424, "best_bleurt_median": 0.7435411810874939, "best_bleurt_std": 0.7449618372026133, "top_10_bleurt_mean": 0.44057201316952704, "top_10_bleurt_median": 0.7367659211158752, "top_10_bleurt_std": 0.714944819241973, "top_10_unigram_f1_mean": 0.7100442666678711, "top_10_unigram_f1_median": 0.75, "top_10_unigram_f1_std": 0.25135707596086926, "best_unigram_f1_mean": 0.7114890369731979, "best_unigram_f1_median": 0.75, "best_unigram_f1_std": 0.2579106766441616}