{"mean_kendall_taus": 0.5538981572924363, "median_kendall_taus": 0.506944777064531, "std_kendall_taus": 0.24008750092549236, "MSE": 0.00969667172898559, "top_10_unigram_f1_mean": 0.7055278634813072, "top_10_unigram_f1_median": 0.75, "top_10_unigram_f1_std": 0.25691825762774745, "best_unigram_f1_mean": 0.7053353719744196, "best_unigram_f1_median": 0.75, "best_unigram_f1_std": 0.26172928215173397}