{"mean_kendall_taus": 0.6323939385925385, "median_kendall_taus": 0.6301426827602978, "std_kendall_taus": 0.1763965913426305, "MSE": 0.0034560936021081103, "best_bleurt_mean": 0.53450885668993, "best_bleurt_median": 0.8381956219673157, "best_bleurt_std": 0.6971112774517413, "top_10_bleurt_mean": 0.540423642462492, "top_10_bleurt_median": 0.8255695998668671, "top_10_bleurt_std": 0.6806638638096316, "top_10_unigram_f1_mean": 0.7315906686647083, "top_10_unigram_f1_median": 0.7692307692307692, "top_10_unigram_f1_std": 0.2566270242424508, "best_unigram_f1_mean": 0.7348661619961625, "best_unigram_f1_median": 0.7777777777777778, "best_unigram_f1_std": 0.2597222487462469}