{"mean_kendall_taus": 0.6322660482967605, "median_kendall_taus": 0.6300753625382225, "std_kendall_taus": 0.17682753422664457, "MSE": 0.003456007468436637, "top_10_unigram_f1_mean": 0.7314954305694702, "top_10_unigram_f1_median": 0.7692307692307692, "top_10_unigram_f1_std": 0.2567306045339011, "best_unigram_f1_mean": 0.7348661619961625, "best_unigram_f1_median": 0.7777777777777778, "best_unigram_f1_std": 0.2597222487462469}