{"mean_kendall_taus": 0.7638058791607254, "median_kendall_taus": 0.7635467980295566, "std_kendall_taus": 0.15079775417109728, "MSE": 0.00174553841052703, "top_10_chrf_mean": 0.7065072315548614, "top_10_chrf_median": 0.7187623501178676, "top_10_chrf_std": 0.2538299661192907, "best_chrf_mean": 0.7039466424211795, "best_chrf_median": 0.7172485590794986, "best_chrf_std": 0.2590957884744871}