{"mean_kendall_taus": 0.7371387829627792, "median_kendall_taus": 0.7263745704467356, "std_kendall_taus": 0.15480732348832144, "MSE": 0.002057965488610377, "best_bleurt_mean": 0.479455096501112, "best_bleurt_median": 0.7990861237049103, "best_bleurt_std": 0.731536864527588, "top_10_bleurt_mean": 0.527218720421195, "top_10_bleurt_median": 0.8137447237968445, "top_10_bleurt_std": 0.6918528899142516, "top_10_chrf_mean": 0.7055388772739845, "top_10_chrf_median": 0.717874916077512, "top_10_chrf_std": 0.2540075221172134, "best_chrf_mean": 0.6978721775065766, "best_chrf_median": 0.7081709455238907, "best_chrf_std": 0.26058343296717706}