{"mean_kendall_taus": 0.8807281851691838, "median_kendall_taus": 0.9116883116883118, "std_kendall_taus": 0.13142785688271713, "top_10_comet_mean": 0.7323033325237946, "top_10_comet_median": 0.9226794838905334, "top_10_comet_std": 0.5837746597376897, "best_comet_mean": 0.6931669707724009, "best_comet_median": 0.9243428111076355, "best_comet_std": 0.6367036117441179}