{"mean_kendall_taus": 0.6990441960536048, "median_kendall_taus": 0.6892929292929294, "std_kendall_taus": 0.18136022739139684, "MSE": 0.0037751015468811236, "best_bleurt_mean": 0.43825786682665346, "best_bleurt_median": 0.7612781524658203, "best_bleurt_std": 0.7451060132084284, "top_10_bleurt_mean": 0.5023599128365517, "top_10_bleurt_median": 0.7815288007259369, "top_10_bleurt_std": 0.6923000534040116, "top_10_chrf_mean": 0.6997156791462922, "top_10_chrf_median": 0.7126698692318539, "top_10_chrf_std": 0.2514737870930439, "best_chrf_mean": 0.6889818703569753, "best_chrf_median": 0.6999998903799467, "best_chrf_std": 0.25575921868313545}