{"mean_kendall_taus": 0.6990441960536048, "median_kendall_taus": 0.6892929292929294, "std_kendall_taus": 0.18136022739139684, "MSE": 0.0037751015468811236, "top_10_chrf_mean": 0.6997156791462922, "top_10_chrf_median": 0.7126698692318539, "top_10_chrf_std": 0.2514737870930439, "best_chrf_mean": 0.6889818703569753, "best_chrf_median": 0.6999998903799467, "best_chrf_std": 0.25575921868313545}