{"mean_kendall_taus": 0.7179492489352948, "median_kendall_taus": 0.6935406348879605, "std_kendall_taus": 0.16042201952392615, "MSE": 0.0019373247753974186, "best_bleurt_mean": 0.4159459663540125, "best_bleurt_median": 0.7433810532093048, "best_bleurt_std": 0.7448747792341727, "top_10_bleurt_mean": 0.48584835393428805, "top_10_bleurt_median": 0.7877047657966614, "top_10_bleurt_std": 0.7114625101188282, "top_10_unigram_f1_mean": 0.7217689582231429, "top_10_unigram_f1_median": 0.7655677655677655, "top_10_unigram_f1_std": 0.25640976278133537, "best_unigram_f1_mean": 0.7123133601174723, "best_unigram_f1_median": 0.75, "best_unigram_f1_std": 0.25706581384547034}