{"mean_kendall_taus": 0.7179492489352948, "median_kendall_taus": 0.6935406348879605, "std_kendall_taus": 0.16042201952392615, "MSE": 0.0019373247753974186, "top_10_unigram_f1_mean": 0.7217689582231429, "top_10_unigram_f1_median": 0.7655677655677655, "top_10_unigram_f1_std": 0.25640976278133537, "best_unigram_f1_mean": 0.7123133601174723, "best_unigram_f1_median": 0.75, "best_unigram_f1_std": 0.25706581384547034}