{"mean_kendall_taus": 0.8447735178799288, "median_kendall_taus": 0.8499999999999999, "std_kendall_taus": 0.11488197095523377, "MSE": 0.0004681234826037171, "top_10_chrf_mean": 0.7064960458958671, "top_10_chrf_median": 0.7188289256051505, "top_10_chrf_std": 0.2539381285557008, "best_chrf_mean": 0.7020089744972838, "best_chrf_median": 0.7091035936069636, "best_chrf_std": 0.25841523178255965}