{"mean_kendall_taus": 0.7235864213773422, "median_kendall_taus": 0.7157894736842106, "std_kendall_taus": 0.17065030862190364, "MSE": 0.0020116021476861896, "top_10_chrf_mean": 0.7019078306949, "top_10_chrf_median": 0.7138027352897978, "top_10_chrf_std": 0.25211707902461217, "best_chrf_mean": 0.690990289282653, "best_chrf_median": 0.7008728140133176, "best_chrf_std": 0.25745366329471137}