{"mean_kendall_taus": 0.9069867338113925, "median_kendall_taus": 0.9155555555555558, "std_kendall_taus": 0.09062180617282327, "MSE": 0.00013213047678993712, "best_bleurt_mean": 0.516294298145175, "best_bleurt_median": 0.8233829140663147, "best_bleurt_std": 0.7083155835834047, "top_10_bleurt_mean": 0.5383629343181848, "top_10_bleurt_median": 0.8153459429740906, "top_10_bleurt_std": 0.6828309081682288, "top_10_chrf_mean": 0.7067081306214641, "top_10_chrf_median": 0.7170511063362249, "top_10_chrf_std": 0.25334619738893266, "best_chrf_mean": 0.705932170111955, "best_chrf_median": 0.7138631828231079, "best_chrf_std": 0.25638168930873867}