{"mean_kendall_taus": 0.8654508274783951, "median_kendall_taus": 0.9031339031339033, "std_kendall_taus": 0.1448607684084994, "top_10_comet_mean": 0.7246882269381387, "top_10_comet_median": 0.9186874628067017, "top_10_comet_std": 0.5934881038104182, "best_comet_mean": 0.6809835855400449, "best_comet_median": 0.917716383934021, "best_comet_std": 0.6446139396136225}