{"mean_kendall_taus": 0.276502532541434, "median_kendall_taus": 0.304029304029304, "std_kendall_taus": 0.30898365604708705, "MSE": 0.27585654691825645, "top_10_comet_mean": 0.5579259696671517, "top_10_comet_median": 0.7850916087627411, "top_10_comet_std": 0.6220381404626294, "best_comet_mean": 0.2680674259627282, "best_comet_median": 0.6445063352584839, "best_comet_std": 0.8095740333588097}