{"mean_kendall_taus": 0.27649292525707786, "median_kendall_taus": 0.304029304029304, "std_kendall_taus": 0.3090185543063455, "MSE": 0.2758548261173859, "best_bleurt_mean": 0.18298917385935784, "best_bleurt_median": 0.4383893758058548, "best_bleurt_std": 0.7598989627783471, "top_10_bleurt_mean": 0.4048364172488451, "top_10_bleurt_median": 0.624826967716217, "top_10_bleurt_std": 0.6416147736516618, "top_10_comet_mean": 0.557765342055341, "top_10_comet_median": 0.7847974598407745, "top_10_comet_std": 0.6218819225249278, "best_comet_mean": 0.2682091123216417, "best_comet_median": 0.6448265612125397, "best_comet_std": 0.8094875316650408}