{"mean_kendall_taus": 0.8531677851572782, "median_kendall_taus": 0.856842105263158, "std_kendall_taus": 0.11433114114268836, "MSE": 0.009196796885269648, "top_10_comet_mean": 0.734935039983855, "top_10_comet_median": 0.9271280467510223, "top_10_comet_std": 0.5782167396027443, "best_comet_mean": 0.7040983223141444, "best_comet_median": 0.9165348708629608, "best_comet_std": 0.6097969863657493}