{"mean_kendall_taus": 0.8531677851572782, "median_kendall_taus": 0.856842105263158, "std_kendall_taus": 0.11433114114268836, "MSE": 0.009196796885269648, "best_bleurt_mean": 0.5543064243584871, "best_bleurt_median": 0.8153459429740906, "best_bleurt_std": 0.6520440733718804, "top_10_bleurt_mean": 0.5740924825638533, "top_10_bleurt_median": 0.8250333666801453, "top_10_bleurt_std": 0.6405002035486774, "top_10_comet_mean": 0.734935039983855, "top_10_comet_median": 0.9271280467510223, "top_10_comet_std": 0.5782167396027443, "best_comet_mean": 0.7040983223141444, "best_comet_median": 0.9165348708629608, "best_comet_std": 0.6097969863657493}