{"mean_kendall_taus": 0.4549643523090193, "median_kendall_taus": 0.4666666666666667, "std_kendall_taus": 0.2688950158305591, "MSE": 0.01001463790044613, "best_bleurt_mean": 0.34191562053263186, "best_bleurt_median": 0.6309934854507446, "best_bleurt_std": 0.7431758463419686, "top_10_bleurt_mean": 0.44445513884425164, "top_10_bleurt_median": 0.7028306126594543, "top_10_bleurt_std": 0.6847678429925883, "top_10_chrf_mean": 0.6654067261901098, "top_10_chrf_median": 0.6769370193715347, "top_10_chrf_std": 0.2391200625400965, "best_chrf_mean": 0.6288204356634863, "best_chrf_median": 0.6262070883211894, "best_chrf_std": 0.24495519515076983}