{"mean_kendall_taus": 0.455159174031756, "median_kendall_taus": 0.4666666666666667, "std_kendall_taus": 0.2677551345255357, "MSE": 0.010014411550209051, "top_10_chrf_mean": 0.6652517883792713, "top_10_chrf_median": 0.6769370193715347, "top_10_chrf_std": 0.2390954364936229, "best_chrf_mean": 0.6286999563714575, "best_chrf_median": 0.6262070883211894, "best_chrf_std": 0.2448170583473849}