{"mean_kendall_taus": 0.6193743024056734, "median_kendall_taus": 0.5832005533853103, "std_kendall_taus": 0.21080467026454344, "MSE": 0.004803295255769989, "best_bleurt_mean": 0.4083542720288038, "best_bleurt_median": 0.719794511795044, "best_bleurt_std": 0.7485839632832134, "top_10_bleurt_mean": 0.46465852493941784, "top_10_bleurt_median": 0.7586893737316132, "top_10_bleurt_std": 0.7095075027110779, "top_10_unigram_f1_mean": 0.7128546252888728, "top_10_unigram_f1_median": 0.75, "top_10_unigram_f1_std": 0.25447812780922, "best_unigram_f1_mean": 0.70637136420482, "best_unigram_f1_median": 0.75, "best_unigram_f1_std": 0.258083049576158}