{"mean_kendall_taus": 0.6193743024056734, "median_kendall_taus": 0.5832005533853103, "std_kendall_taus": 0.21080467026454344, "MSE": 0.004803295255769989, "top_10_unigram_f1_mean": 0.7128546252888728, "top_10_unigram_f1_median": 0.75, "top_10_unigram_f1_std": 0.25447812780922, "best_unigram_f1_mean": 0.70637136420482, "best_unigram_f1_median": 0.75, "best_unigram_f1_std": 0.258083049576158}