{"mean_kendall_taus": 0.73410315191406, "median_kendall_taus": 0.7310924369747899, "std_kendall_taus": 0.15726802266700673, "MSE": 0.0023731810908324356, "top_10_chrf_mean": 0.7053740587057353, "top_10_chrf_median": 0.7176345123217107, "top_10_chrf_std": 0.25438188783610893, "best_chrf_mean": 0.7038255648947864, "best_chrf_median": 0.7109617915046049, "best_chrf_std": 0.25908878711497013}