{"mean_kendall_taus": 0.7669444091649423, "median_kendall_taus": 0.7666666666666665, "std_kendall_taus": 0.14717550352246941, "MSE": 0.0020710895179482194, "top_10_chrf_mean": 0.7065730496114166, "top_10_chrf_median": 0.7159348412063598, "top_10_chrf_std": 0.2535020910861314, "best_chrf_mean": 0.7056461102955619, "best_chrf_median": 0.71350314866934, "best_chrf_std": 0.2582723807340119}