{"comet_mean": 0.6275514164829066, "comet_std": 0.719032008417726, "unigram_f1_mean": 0.7369002554745594, "unigram_f1_std": 0.25490114588229995, "chrf_mean": 0.7010863177164339, "chrf_std": 0.26063287626282694, "bleurt_mean": 0.5397103537738324}