{"1": 0.00010140299170161758, "2": 0.00013074576607246727, "3": 0.00015919841361976283, "4": 0.0001824311922370579, "5": 0.00020620224385455545, "10": 0.0003209926400394477, "25": 0.000638401148690763, "50": 0.0011192591540740199, "100": 0.0020197228384981384}