{"1": 0.00012525243835702617, "2": 0.00016236879341892017, "3": 0.00019727279827794705, "4": 0.00021747370819421213, "5": 0.0002507803151721675, "10": 0.0003997535874498474, "25": 0.0007949910136163977, "100": 0.002480404349928116, "1000": 0.02409361328010971}