{"mean_kendall_taus": 0.9065055477617573, "median_kendall_taus": 0.911111111111111, "std_kendall_taus": 0.08759854649220125, "MSE": 9.603093372509545e-05, "top_10_unigram_f1_mean": 0.7311432185580501, "top_10_unigram_f1_median": 0.7692307692307692, "top_10_unigram_f1_std": 0.2552777124781157, "best_unigram_f1_mean": 0.7294397469884688, "best_unigram_f1_median": 0.7692307692307692, "best_unigram_f1_std": 0.25826342892689436}