{"mean_kendall_taus": 0.48381087471669987, "median_kendall_taus": 0.5118838254245093, "std_kendall_taus": 0.2655627778674777, "MSE": 0.006806340765763093, "top_10_unigram_f1_mean": 0.6927654790767513, "top_10_unigram_f1_median": 0.7272727272727272, "top_10_unigram_f1_std": 0.2466511254850171, "best_unigram_f1_mean": 0.6639421881689084, "best_unigram_f1_median": 0.6666666666666666, "best_unigram_f1_std": 0.25235086529506495}