{"mean_kendall_taus": 0.48372252046041775, "median_kendall_taus": 0.511478158987012, "std_kendall_taus": 0.2654044544287405, "MSE": 0.006805854739107853, "best_bleurt_mean": 0.3411247897326946, "best_bleurt_median": 0.6260628402233124, "best_bleurt_std": 0.7412529771875113, "top_10_bleurt_mean": 0.44038505558669566, "top_10_bleurt_median": 0.7238546013832092, "top_10_bleurt_std": 0.7063030967865823, "top_10_unigram_f1_mean": 0.6928514439890321, "top_10_unigram_f1_median": 0.7272727272727272, "top_10_unigram_f1_std": 0.2464909239871497, "best_unigram_f1_mean": 0.6639037266304467, "best_unigram_f1_median": 0.6666666666666666, "best_unigram_f1_std": 0.2522366000429759}