{"mean_kendall_taus": 0.7121591080510173, "median_kendall_taus": 0.6914478387887569, "std_kendall_taus": 0.1669704564891907, "MSE": 0.0017143383816620623, "top_10_unigram_f1_mean": 0.7210592525263372, "top_10_unigram_f1_median": 0.75, "top_10_unigram_f1_std": 0.25426696874072763, "best_unigram_f1_mean": 0.7135504717191865, "best_unigram_f1_median": 0.75, "best_unigram_f1_std": 0.25730554544049344}