{"mean_kendall_taus": 0.7121938717459786, "median_kendall_taus": 0.6910233190806425, "std_kendall_taus": 0.16692349021307884, "MSE": 0.0017118945913210286, "best_bleurt_mean": 0.42452159332931044, "best_bleurt_median": 0.7430367469787598, "best_bleurt_std": 0.7457609524162252, "top_10_bleurt_mean": 0.4852419375449419, "top_10_bleurt_median": 0.780040979385376, "top_10_bleurt_std": 0.7050961429326005, "top_10_unigram_f1_mean": 0.72078398076651, "top_10_unigram_f1_median": 0.75, "top_10_unigram_f1_std": 0.25422169286036517, "best_unigram_f1_mean": 0.7130885733489398, "best_unigram_f1_median": 0.75, "best_unigram_f1_std": 0.2568436198045694}