{"mean_kendall_taus": 0.7121938717459786, "median_kendall_taus": 0.6910233190806425, "std_kendall_taus": 0.16692349021307884, "MSE": 0.0017118945913210286, "top_10_unigram_f1_mean": 0.72078398076651, "top_10_unigram_f1_median": 0.75, "top_10_unigram_f1_std": 0.25422169286036517, "best_unigram_f1_mean": 0.7130885733489398, "best_unigram_f1_median": 0.75, "best_unigram_f1_std": 0.2568436198045694}