{"mean_kendall_taus": 0.8132195029900147, "median_kendall_taus": 0.8128654970760234, "std_kendall_taus": 0.12966296201117078, "MSE": 0.01767250205501674, "best_bleurt_mean": 0.5688060030966997, "best_bleurt_median": 0.8386315405368805, "best_bleurt_std": 0.6549220353784856, "top_10_bleurt_mean": 0.5773891697406769, "top_10_bleurt_median": 0.8334535658359528, "top_10_bleurt_std": 0.6434170140859755, "top_10_comet_mean": 0.7336525706915529, "top_10_comet_median": 0.9264525473117828, "top_10_comet_std": 0.5840400523182963, "best_comet_mean": 0.7030106673235033, "best_comet_median": 0.9297468960285187, "best_comet_std": 0.6269807345792201}