{"mean_kendall_taus": 0.8132195029900147, "median_kendall_taus": 0.8128654970760234, "std_kendall_taus": 0.12966296201117078, "MSE": 0.01767250205501674, "top_10_comet_mean": 0.7336525706915529, "top_10_comet_median": 0.9264525473117828, "top_10_comet_std": 0.5840400523182963, "best_comet_mean": 0.7030106673235033, "best_comet_median": 0.9297468960285187, "best_comet_std": 0.6269807345792201}