{"mean_kendall_taus": 0.9353729999622687, "median_kendall_taus": 0.9526881720430108, "std_kendall_taus": 0.07992632125268864, "top_10_comet_mean": 0.7388282227636316, "top_10_comet_median": 0.9282691776752472, "top_10_comet_std": 0.580833154887508, "best_comet_mean": 0.7287405623685929, "best_comet_median": 0.939228355884552, "best_comet_std": 0.6029855521864027}