{"mean_kendall_taus": 0.927245697117306, "median_kendall_taus": 0.9303236446093589, "std_kendall_taus": 0.07692409057042736, "MSE": 0.0017929495482583396, "top_10_comet_mean": 0.7411240046230319, "top_10_comet_median": 0.9293192028999329, "top_10_comet_std": 0.5780146985632761, "best_comet_mean": 0.7319653425460256, "best_comet_median": 0.9296432435512543, "best_comet_std": 0.5896902213016643}