{"mean_kendall_taus": 0.927245697117306, "median_kendall_taus": 0.9303236446093589, "std_kendall_taus": 0.07692409057042736, "MSE": 0.0017929495482583396, "best_bleurt_mean": 0.5788953135341406, "best_bleurt_median": 0.8350598514080048, "best_bleurt_std": 0.6447251751162703, "top_10_bleurt_mean": 0.5801153195351362, "top_10_bleurt_median": 0.8378918170928955, "top_10_bleurt_std": 0.6454466506279778, "top_10_comet_mean": 0.7411240046230319, "top_10_comet_median": 0.9293192028999329, "top_10_comet_std": 0.5780146985632761, "best_comet_mean": 0.7319653425460256, "best_comet_median": 0.9296432435512543, "best_comet_std": 0.5896902213016643}