{"mean_kendall_taus": 0.9481297575862254, "median_kendall_taus": 0.9503030303030304, "std_kendall_taus": 0.04845239389031787, "MSE": 0.0009105986410053838, "best_bleurt_mean": 0.578202346867323, "best_bleurt_median": 0.8399456143379211, "best_bleurt_std": 0.6504493314384773, "top_10_bleurt_mean": 0.5809911526411772, "top_10_bleurt_median": 0.8379513025283813, "top_10_bleurt_std": 0.6450559915931181, "top_10_comet_mean": 0.7415901569125283, "top_10_comet_median": 0.9276686906814575, "top_10_comet_std": 0.577625581847136, "best_comet_mean": 0.7372213896915504, "best_comet_median": 0.9297581613063812, "best_comet_std": 0.58623849653262}