{"mean_kendall_taus": 0.779037434948253, "median_kendall_taus": 0.7777777777777777, "std_kendall_taus": 0.13495451412811882, "MSE": 0.0012282666664501067, "top_10_unigram_f1_mean": 0.7302738586230622, "top_10_unigram_f1_median": 0.7692307692307692, "top_10_unigram_f1_std": 0.25556396714214324, "best_unigram_f1_mean": 0.7322190948700997, "best_unigram_f1_median": 0.7692307692307692, "best_unigram_f1_std": 0.25731380319703384}