{"mean_kendall_taus": 0.7575804822082784, "median_kendall_taus": 0.7501937734175208, "std_kendall_taus": 0.13610368698345232, "MSE": 0.0014037872085960166, "top_10_unigram_f1_mean": 0.7297925355258988, "top_10_unigram_f1_median": 0.7692307692307692, "top_10_unigram_f1_std": 0.2561326597027812, "best_unigram_f1_mean": 0.725897771782597, "best_unigram_f1_median": 0.7692307692307692, "best_unigram_f1_std": 0.2593525481474979}