{"mean_kendall_taus": 0.9259255874664041, "median_kendall_taus": 0.9414141414141415, "std_kendall_taus": 0.08544146983756903, "top_10_comet_mean": 0.7370722310876309, "top_10_comet_median": 0.9261932969093323, "top_10_comet_std": 0.5821994517626055, "best_comet_mean": 0.7172273001637367, "best_comet_median": 0.9325802624225616, "best_comet_std": 0.6117103424300601}