{"mean_kendall_taus": 0.8934661403480898, "median_kendall_taus": 0.9189378057302585, "std_kendall_taus": 0.10816637348084579, "top_10_comet_mean": 0.7313973718533893, "top_10_comet_median": 0.9261502027511597, "top_10_comet_std": 0.5877899990638852, "best_comet_mean": 0.696383384188787, "best_comet_median": 0.923346996307373, "best_comet_std": 0.6313924463487673}