{"mean_kendall_taus": 0.7002044135167816, "median_kendall_taus": 0.6898395721925134, "std_kendall_taus": 0.18214182634117843, "MSE": 0.0023575572063755457, "top_10_chrf_mean": 0.70020550896426, "top_10_chrf_median": 0.7127614242196848, "top_10_chrf_std": 0.25146345523831154, "best_chrf_mean": 0.6891473169449353, "best_chrf_median": 0.6999998903799467, "best_chrf_std": 0.25692536417696393}