{"comet_mean": 0.7457488842325922, "comet_std": 0.579813789955901, "unigram_f1_mean": 0.7350564812156346, "unigram_f1_std": 0.25980197172129366, "chrf_mean": 0.7025375459670435, "chrf_std": 0.2636597306577984, "bleurt_mean": 0.5855944338053465}