{"1": 0.029488940599253062, "2": 0.029219918392254247, "3": 0.02926326721881916, "4": 0.029524502449341832, "5": 0.029906035921364454, "10": 0.032349111893287236, "25": 0.04083875187077484, "100": 0.08690678779682294, "1000": 0.707656620085289}