{"1": 0.030834071167017526, "2": 0.03128272959838242, "3": 0.03342578670439415, "4": 0.032685089071734674, "5": 0.03495936726322802, "10": 0.04212508939357138, "25": 0.06082851445282261, "50": 0.09162321408765652, "100": 0.1615356440825242}