{"mean_kendall_taus": 0.7457244233072321, "median_kendall_taus": 0.7411764705882353, "std_kendall_taus": 0.1677525931044868, "MSE": 0.04215615921782414, "top_10_comet_mean": 0.7239512620614063, "top_10_comet_median": 0.9248053431510925, "top_10_comet_std": 0.591984673567553, "best_comet_mean": 0.673684163640195, "best_comet_median": 0.908023476600647, "best_comet_std": 0.6499708610325786}