{"comet_mean": 0.39087083555037755, "comet_std": 0.8823479368736414, "unigram_f1_mean": 0.6724918828508978, "unigram_f1_std": 0.2816171601114875, "chrf_mean": 0.643223723101325, "chrf_std": 0.27605643768969174}