{"comet_mean": 0.6476795192154247, "comet_std": 0.6953622016668558, "unigram_f1_mean": 0.7387728173820751, "unigram_f1_std": 0.2535472048082244, "chrf_mean": 0.7093411865758182, "chrf_std": 0.2548191122039672, "bleurt_mean": 0.5497645397365093}