{"1": 0.00010338121261617796, "2": 0.00018420702461519303, "3": 0.0002662640610395823, "4": 0.0003377570361600106, "5": 0.00041102584365857397, "10": 0.000788511017039975, "25": 0.0017985871977796854, "50": 0.003361601199992898, "100": 0.006289339778233921}