{"1": 0.0001261947625500985, "2": 0.0002371298121904489, "3": 0.00034352890382075685, "4": 0.00043439396589771716, "5": 0.0005389417996209908, "10": 0.0010265995847066947, "25": 0.0023574314386667124, "100": 0.008177812232094857, "1000": 0.07583345516942856}