{"mean_kendall_taus": 0.9467885143705879, "median_kendall_taus": 0.950707070707071, "std_kendall_taus": 0.054540898839130915, "MSE": 0.0009115914768267078, "best_bleurt_mean": 0.578754033651948, "best_bleurt_median": 0.8400376737117767, "best_bleurt_std": 0.6490997352854859, "top_10_bleurt_mean": 0.5801713004797697, "top_10_bleurt_median": 0.8374892473220825, "top_10_bleurt_std": 0.6453636876932585, "top_10_comet_mean": 0.7407045327577132, "top_10_comet_median": 0.9293243885040283, "top_10_comet_std": 0.578589718978297, "best_comet_mean": 0.737075595205966, "best_comet_median": 0.9332902729511261, "best_comet_std": 0.5864010746968671}