{"mean_kendall_taus": 0.9467885143705879, "median_kendall_taus": 0.950707070707071, "std_kendall_taus": 0.054540898839130915, "MSE": 0.0009115914768267078, "top_10_comet_mean": 0.7407045327577132, "top_10_comet_median": 0.9293243885040283, "top_10_comet_std": 0.578589718978297, "best_comet_mean": 0.737075595205966, "best_comet_median": 0.9332902729511261, "best_comet_std": 0.5864010746968671}