{"mean_kendall_taus": 0.5994708567346414, "median_kendall_taus": 0.6, "std_kendall_taus": 0.19250920778757183, "MSE": 0.006321919621965297, "best_bleurt_mean": 0.5226708894491195, "best_bleurt_median": 0.8294393420219421, "best_bleurt_std": 0.7065655285076193, "top_10_bleurt_mean": 0.5384090182185173, "top_10_bleurt_median": 0.8205331563949585, "top_10_bleurt_std": 0.6804049032810707, "top_10_chrf_mean": 0.7055541630996157, "top_10_chrf_median": 0.7163167305598372, "top_10_chrf_std": 0.25447286823396764, "best_chrf_mean": 0.7012423131473801, "best_chrf_median": 0.7113066498144223, "best_chrf_std": 0.26275462683755}