{"mean_kendall_taus": 0.5994453904780367, "median_kendall_taus": 0.6, "std_kendall_taus": 0.19246334106152282, "MSE": 0.006322025714607768, "top_10_chrf_mean": 0.705542782046288, "top_10_chrf_median": 0.7163167305598372, "top_10_chrf_std": 0.2544790157489413, "best_chrf_mean": 0.7009671835274741, "best_chrf_median": 0.7108599886560312, "best_chrf_std": 0.26288383924032727}