{"mean_kendall_taus": 0.6612588020430894, "median_kendall_taus": 0.6307230620214057, "std_kendall_taus": 0.18432703936234143, "MSE": 0.0032249280202250297, "top_10_unigram_f1_mean": 0.7163492990678464, "top_10_unigram_f1_median": 0.75, "top_10_unigram_f1_std": 0.2543918676537534, "best_unigram_f1_mean": 0.7097341338404273, "best_unigram_f1_median": 0.75, "best_unigram_f1_std": 0.25766226563327493}