{"mean_kendall_taus": 0.7119019127730661, "median_kendall_taus": 0.6913180565426335, "std_kendall_taus": 0.16667398267669775, "MSE": 0.00178710213881998, "best_bleurt_mean": 0.42496725981235506, "best_bleurt_median": 0.7425408065319061, "best_bleurt_std": 0.7445345349974098, "top_10_bleurt_mean": 0.4851796034693718, "top_10_bleurt_median": 0.780110090970993, "top_10_bleurt_std": 0.70539024122658, "top_10_unigram_f1_mean": 0.7215284411155257, "top_10_unigram_f1_median": 0.75, "top_10_unigram_f1_std": 0.2543889338227707, "best_unigram_f1_mean": 0.7138531142832164, "best_unigram_f1_median": 0.75, "best_unigram_f1_std": 0.25771152523900553}