{"mean_kendall_taus": 0.7122703343986416, "median_kendall_taus": 0.7066666666666666, "std_kendall_taus": 0.1765450206295462, "MSE": 0.002313216672757043, "top_10_chrf_mean": 0.7010462448345247, "top_10_chrf_median": 0.7126473806411886, "top_10_chrf_std": 0.2521332225297077, "best_chrf_mean": 0.6902380507782402, "best_chrf_median": 0.7003707348322084, "best_chrf_std": 0.25727245338065513}