{"mean_kendall_taus": 0.8794564515587304, "median_kendall_taus": 0.8864646464646465, "std_kendall_taus": 0.09832585278257223, "MSE": 0.00024930475322059413, "top_10_chrf_mean": 0.7055171255973597, "top_10_chrf_median": 0.7160432389818301, "top_10_chrf_std": 0.25411298457627174, "best_chrf_mean": 0.7049040668896761, "best_chrf_median": 0.7142636604117965, "best_chrf_std": 0.25684110006232846}