{"mean_kendall_taus": 0.748956710149344, "median_kendall_taus": 0.7414141414141415, "std_kendall_taus": 0.15167523662584276, "MSE": 0.0017883620822535086, "top_10_chrf_mean": 0.7054795880493518, "top_10_chrf_median": 0.7203380216713291, "top_10_chrf_std": 0.25448501264842444, "best_chrf_mean": 0.6988708492018585, "best_chrf_median": 0.710655239507744, "best_chrf_std": 0.2609830576849655}