{"mean_kendall_taus": 0.7610777734963046, "median_kendall_taus": 0.7582417582417583, "std_kendall_taus": 0.15156547746562715, "MSE": 0.0016155367979944915, "top_10_chrf_mean": 0.7055837743636519, "top_10_chrf_median": 0.7151363247682792, "top_10_chrf_std": 0.25401129207098627, "best_chrf_mean": 0.7024897619507967, "best_chrf_median": 0.7151859841855971, "best_chrf_std": 0.25863527609229814}