{"mean_kendall_taus": 0.8589283614628853, "median_kendall_taus": 0.8639551192145861, "std_kendall_taus": 0.11306367324710154, "MSE": 0.008140511419316904, "best_bleurt_mean": 0.5720654428213835, "best_bleurt_median": 0.8389069437980652, "best_bleurt_std": 0.6481162715676461, "top_10_bleurt_mean": 0.5762147090882063, "top_10_bleurt_median": 0.8323312997817993, "top_10_bleurt_std": 0.6435318405299801, "top_10_comet_mean": 0.7354868452108574, "top_10_comet_median": 0.9216934740543365, "top_10_comet_std": 0.5804499943521235, "best_comet_mean": 0.7188157126815138, "best_comet_median": 0.9263201653957367, "best_comet_std": 0.6047637862290522}