{"unigram_f1_mean": 0.7418919899360849, "unigram_f1_std": 0.258230635059709, "chrf_mean": 0.7160343141231384, "chrf_std": 0.261570220268594}