{"mean_kendall_taus": 0.8539957902285534, "median_kendall_taus": 0.8499999999999999, "std_kendall_taus": 0.09990785604383495, "MSE": 0.00032997191186235453, "top_10_unigram_f1_mean": 0.7292386901790205, "top_10_unigram_f1_median": 0.7692307692307692, "top_10_unigram_f1_std": 0.25558541996740364, "best_unigram_f1_mean": 0.7281352836151278, "best_unigram_f1_median": 0.7692307692307692, "best_unigram_f1_std": 0.2573412681595232}