{"mean_kendall_taus": 0.7326914438470488, "median_kendall_taus": 0.7142857142857144, "std_kendall_taus": 0.15275093999126022, "MSE": 0.0014426122151887783, "top_10_unigram_f1_mean": 0.723512860175396, "top_10_unigram_f1_median": 0.761904761904762, "top_10_unigram_f1_std": 0.25464338063267195, "best_unigram_f1_mean": 0.7170014631489595, "best_unigram_f1_median": 0.75, "best_unigram_f1_std": 0.25759347082644285}