{"mean_kendall_taus": 0.7002178019804478, "median_kendall_taus": 0.6910094125283999, "std_kendall_taus": 0.18182209237987274, "MSE": 0.0024422471327343134, "best_bleurt_mean": 0.4414830786049366, "best_bleurt_median": 0.7636091113090515, "best_bleurt_std": 0.7443778508687116, "top_10_bleurt_mean": 0.502866462045908, "top_10_bleurt_median": 0.7816584706306458, "top_10_bleurt_std": 0.6934338144503548, "top_10_chrf_mean": 0.7003036820105395, "top_10_chrf_median": 0.7126473806411886, "top_10_chrf_std": 0.2515761779210863, "best_chrf_mean": 0.6890443635245589, "best_chrf_median": 0.6999998903799467, "best_chrf_std": 0.25677905526456696}