{"mean_kendall_taus": 0.4780344174960915, "median_kendall_taus": 0.5163432073544433, "std_kendall_taus": 0.27673143034290776, "MSE": 0.13151535960551647, "top_10_comet_mean": 0.6595622961811122, "top_10_comet_median": 0.8716124594211578, "top_10_comet_std": 0.598800847985273, "best_comet_mean": 0.5148532956900645, "best_comet_median": 0.8062818348407745, "best_comet_std": 0.7141035033379257}