{"mean_kendall_taus": 0.47804799587802266, "median_kendall_taus": 0.515832482124617, "std_kendall_taus": 0.276734884802462, "MSE": 0.13151200058291737, "best_bleurt_mean": 0.403622171702981, "best_bleurt_median": 0.6679884195327759, "best_bleurt_std": 0.6926737743984985, "top_10_bleurt_mean": 0.5134523955762387, "top_10_bleurt_median": 0.7419776320457458, "top_10_bleurt_std": 0.6290378757330113, "top_10_comet_mean": 0.6596725880112393, "top_10_comet_median": 0.8715130686759949, "top_10_comet_std": 0.5987438629016052, "best_comet_mean": 0.5148198817172681, "best_comet_median": 0.8060609996318817, "best_comet_std": 0.7140021803251096}