{"mean_kendall_taus": 0.6138072199173524, "median_kendall_taus": 0.6177777777777779, "std_kendall_taus": 0.2029585614392787, "MSE": 0.11070039925704318, "top_10_comet_mean": 0.7264247357748467, "top_10_comet_median": 0.9288324415683746, "top_10_comet_std": 0.5985422014122834, "best_comet_mean": 0.6613987905603541, "best_comet_median": 0.9292829632759094, "best_comet_std": 0.6862798167930364}