{"mean_kendall_taus": 0.6138069634065508, "median_kendall_taus": 0.6183908045977011, "std_kendall_taus": 0.20292523508043997, "MSE": 0.11070619639202514, "best_bleurt_mean": 0.5716563709646464, "best_bleurt_median": 0.8400376737117767, "best_bleurt_std": 0.6564003353846319, "top_10_bleurt_mean": 0.5977784480422735, "top_10_bleurt_median": 0.8396685123443604, "top_10_bleurt_std": 0.6196787636198134, "top_10_comet_mean": 0.7262644167761768, "top_10_comet_median": 0.9286413788795471, "top_10_comet_std": 0.5986174476731594, "best_comet_mean": 0.6616556263248081, "best_comet_median": 0.9291755855083466, "best_comet_std": 0.6860226062555448}