{"comet_mean": 0.6725526334329, "comet_std": 0.6652337227610176, "unigram_f1_mean": 0.735859781147541, "unigram_f1_std": 0.25750209901463966, "chrf_mean": 0.7041068396712064, "chrf_std": 0.2615647678302479, "bleurt_mean": 0.5884064783275127}