{"comet_mean": 0.6665810531392621, "comet_std": 0.6725970158614838, "unigram_f1_mean": 0.7354726440983037, "unigram_f1_std": 0.2579847325726068, "chrf_mean": 0.704480486483891, "chrf_std": 0.26166999405965685}