{"mean_kendall_taus": 0.7759176088280964, "median_kendall_taus": 0.7698209718670076, "std_kendall_taus": 0.14659588312431954, "MSE": 0.030527365685580524, "best_bleurt_mean": 0.529394746991992, "best_bleurt_median": 0.7982343435287476, "best_bleurt_std": 0.6701014603945274, "top_10_bleurt_mean": 0.5643167668372393, "top_10_bleurt_median": 0.814080685377121, "top_10_bleurt_std": 0.6447122479271052, "top_10_comet_mean": 0.7249832088479532, "top_10_comet_median": 0.9210720956325531, "top_10_comet_std": 0.5869171185592885, "best_comet_mean": 0.6833346520435553, "best_comet_median": 0.9077711701393127, "best_comet_std": 0.6275435925563316}