{"mean_kendall_taus": 0.7026477015646095, "median_kendall_taus": 0.6952380952380953, "std_kendall_taus": 0.18105241460003127, "MSE": 0.0025521965748264348, "top_10_chrf_mean": 0.7003383643321534, "top_10_chrf_median": 0.7120917916201848, "top_10_chrf_std": 0.2513293423862451, "best_chrf_mean": 0.6892842656171811, "best_chrf_median": 0.7003707348322084, "best_chrf_std": 0.2568032431065518}