{"mean_kendall_taus": 0.9088244186865866, "median_kendall_taus": 0.9171717171717173, "std_kendall_taus": 0.08947356882786436, "MSE": 0.0001308293576728947, "best_bleurt_mean": 0.5144493716031313, "best_bleurt_median": 0.8255695998668671, "best_bleurt_std": 0.7147492776129062, "top_10_bleurt_mean": 0.538806223013997, "top_10_bleurt_median": 0.8160584270954132, "top_10_bleurt_std": 0.6817561319521258, "top_10_chrf_mean": 0.7063451676533862, "top_10_chrf_median": 0.7160432389818301, "top_10_chrf_std": 0.2532714104695504, "best_chrf_mean": 0.7060903224332701, "best_chrf_median": 0.71640366967119, "best_chrf_std": 0.2570835392482362}