{"mean_kendall_taus": 0.8385099359803837, "median_kendall_taus": 0.8852525252525254, "std_kendall_taus": 0.18489593319095504, "top_10_comet_mean": 0.720423845938164, "top_10_comet_median": 0.9204726815223694, "top_10_comet_std": 0.595766827983311, "best_comet_mean": 0.6563534269905267, "best_comet_median": 0.9071747958660126, "best_comet_std": 0.6696641916565925}