{"mean_kendall_taus": 0.6909800091776521, "median_kendall_taus": 0.6965656565656566, "std_kendall_taus": 0.1672868785449257, "MSE": 0.003779672223666309, "best_bleurt_mean": 0.544979652017355, "best_bleurt_median": 0.8323065042495728, "best_bleurt_std": 0.6804226279272089, "top_10_bleurt_mean": 0.547956296774745, "top_10_bleurt_median": 0.8192891776561737, "top_10_bleurt_std": 0.6737162683833227, "top_10_chrf_mean": 0.706660663676811, "top_10_chrf_median": 0.7189735262252451, "top_10_chrf_std": 0.2534219362040944, "best_chrf_mean": 0.7072041098877319, "best_chrf_median": 0.7190558420594431, "best_chrf_std": 0.2581309202469526}