{"mean_kendall_taus": 0.7555981837278137, "median_kendall_taus": 0.7421728257400405, "std_kendall_taus": 0.14163780222877473, "MSE": 0.0011404878735053298, "top_10_unigram_f1_mean": 0.7281430775529427, "top_10_unigram_f1_median": 0.7692307692307692, "top_10_unigram_f1_std": 0.2554160061830604, "best_unigram_f1_mean": 0.7217431886173137, "best_unigram_f1_median": 0.75, "best_unigram_f1_std": 0.2597922599267149}