{"mean_kendall_taus": 0.810411097865094, "median_kendall_taus": 0.8013871098012161, "std_kendall_taus": 0.12106969110834408, "MSE": 0.0006909535919791078, "best_bleurt_mean": 0.4803480941623449, "best_bleurt_median": 0.8091388046741486, "best_bleurt_std": 0.7307249988276268, "top_10_bleurt_mean": 0.5229308667868375, "top_10_bleurt_median": 0.8146069049835205, "top_10_bleurt_std": 0.6918630344546113, "top_10_unigram_f1_mean": 0.7294361270993367, "top_10_unigram_f1_median": 0.7692307692307692, "top_10_unigram_f1_std": 0.25548263056041304, "best_unigram_f1_mean": 0.7298060415387915, "best_unigram_f1_median": 0.7692307692307692, "best_unigram_f1_std": 0.25609001824293764}