{"mean_kendall_taus": 0.7121833016334054, "median_kendall_taus": 0.6919008787388216, "std_kendall_taus": 0.16550745482819917, "MSE": 0.001973557140315932, "top_10_unigram_f1_mean": 0.7214579996119864, "top_10_unigram_f1_median": 0.75, "top_10_unigram_f1_std": 0.25432990115766724, "best_unigram_f1_mean": 0.7133121002490619, "best_unigram_f1_median": 0.75, "best_unigram_f1_std": 0.25756012613071194}