{"mean_kendall_taus": 0.8371017600619738, "median_kendall_taus": 0.8435097241067391, "std_kendall_taus": 0.12173215654541028, "MSE": 0.0005277083777086341, "best_bleurt_mean": 0.4776818374067545, "best_bleurt_median": 0.7944365739822388, "best_bleurt_std": 0.7306980629955587, "top_10_bleurt_mean": 0.5312874482810497, "top_10_bleurt_median": 0.8116529583930969, "top_10_bleurt_std": 0.6852469315601637, "top_10_chrf_mean": 0.7041320503823907, "top_10_chrf_median": 0.7180314075486525, "top_10_chrf_std": 0.2537601541880139, "best_chrf_mean": 0.6985079527963383, "best_chrf_median": 0.707775949688656, "best_chrf_std": 0.25683380887604185}