{"mean_kendall_taus": 0.6986182091614543, "median_kendall_taus": 0.7034888476805607, "std_kendall_taus": 0.16444626997378856, "MSE": 0.002482834965386608, "best_bleurt_mean": 0.5115096120804549, "best_bleurt_median": 0.8254281282424927, "best_bleurt_std": 0.7159703136161337, "top_10_bleurt_mean": 0.5251869703948497, "top_10_bleurt_median": 0.8160584270954132, "top_10_bleurt_std": 0.694879447425816, "top_10_unigram_f1_mean": 0.7301108455567976, "top_10_unigram_f1_median": 0.7692307692307692, "top_10_unigram_f1_std": 0.2559432961299501, "best_unigram_f1_mean": 0.7306364072291522, "best_unigram_f1_median": 0.7692307692307692, "best_unigram_f1_std": 0.25821161239348395}