{"mean_kendall_taus": 0.6986919772205107, "median_kendall_taus": 0.7034455208492366, "std_kendall_taus": 0.16443182784874363, "MSE": 0.0024828000575120037, "top_10_unigram_f1_mean": 0.7301108455567976, "top_10_unigram_f1_median": 0.7692307692307692, "top_10_unigram_f1_std": 0.2559432961299501, "best_unigram_f1_mean": 0.7306249786577237, "best_unigram_f1_median": 0.7692307692307692, "best_unigram_f1_std": 0.2582256135963513}