{"mean_kendall_taus": 0.911224014488934, "median_kendall_taus": 0.9312528267752149, "std_kendall_taus": 0.0935403671617043, "top_10_comet_mean": 0.7359231233742061, "top_10_comet_median": 0.926458090543747, "top_10_comet_std": 0.58226229237852, "best_comet_mean": 0.7135079493587284, "best_comet_median": 0.9321545362472534, "best_comet_std": 0.6169007616830301}