{"mean_kendall_taus": 0.7361071096865184, "median_kendall_taus": 0.7321854336078298, "std_kendall_taus": 0.14682041790815048, "MSE": 0.002020746338233904, "best_bleurt_mean": 0.5149075294315815, "best_bleurt_median": 0.8257092535495758, "best_bleurt_std": 0.710055955814802, "top_10_bleurt_mean": 0.5278535397350788, "top_10_bleurt_median": 0.8184389173984528, "top_10_bleurt_std": 0.6935585236279357, "top_10_unigram_f1_mean": 0.7304816804530934, "top_10_unigram_f1_median": 0.7692307692307692, "top_10_unigram_f1_std": 0.2553583363982599, "best_unigram_f1_mean": 0.7310340481234318, "best_unigram_f1_median": 0.7692307692307692, "best_unigram_f1_std": 0.25847177971666147}