{"mean_kendall_taus": 0.7361071096865184, "median_kendall_taus": 0.7321854336078298, "std_kendall_taus": 0.14682041790815048, "MSE": 0.002020746338233904, "top_10_unigram_f1_mean": 0.7304816804530934, "top_10_unigram_f1_median": 0.7692307692307692, "top_10_unigram_f1_std": 0.2553583363982599, "best_unigram_f1_mean": 0.7310340481234318, "best_unigram_f1_median": 0.7692307692307692, "best_unigram_f1_std": 0.25847177971666147}