{"mean_kendall_taus": 0.7618011009979637, "median_kendall_taus": 0.7641066314160733, "std_kendall_taus": 0.14232808449912424, "MSE": 0.0017580057443505619, "top_10_unigram_f1_mean": 0.7305673238329596, "top_10_unigram_f1_median": 0.7692307692307692, "top_10_unigram_f1_std": 0.25638469383796647, "best_unigram_f1_mean": 0.7322646047162085, "best_unigram_f1_median": 0.7692307692307692, "best_unigram_f1_std": 0.2586577923457089}