{"mean_kendall_taus": 0.7800696259977236, "median_kendall_taus": 0.7782258064516131, "std_kendall_taus": 0.1489136759853564, "MSE": 0.0288398260821063, "best_bleurt_mean": 0.5585012307316065, "best_bleurt_median": 0.8249002397060394, "best_bleurt_std": 0.6556493548162673, "top_10_bleurt_mean": 0.5781201461732387, "top_10_bleurt_median": 0.8315819203853607, "top_10_bleurt_std": 0.6425180478975645, "top_10_comet_mean": 0.729632747981086, "top_10_comet_median": 0.92919060587883, "top_10_comet_std": 0.5906028907049132, "best_comet_mean": 0.6875714794517012, "best_comet_median": 0.9203366041183472, "best_comet_std": 0.636714519577632}