{"mean_kendall_taus": 0.7800696259977236, "median_kendall_taus": 0.7782258064516131, "std_kendall_taus": 0.1489136759853564, "MSE": 0.0288398260821063, "top_10_comet_mean": 0.729632747981086, "top_10_comet_median": 0.92919060587883, "top_10_comet_std": 0.5906028907049132, "best_comet_mean": 0.6875714794517012, "best_comet_median": 0.9203366041183472, "best_comet_std": 0.636714519577632}