{"mean_kendall_taus": 0.7441429767056936, "median_kendall_taus": 0.7408637873754153, "std_kendall_taus": 0.18005623621608718, "MSE": 0.04553150734218901, "best_bleurt_mean": 0.5219350028187036, "best_bleurt_median": 0.7973999083042145, "best_bleurt_std": 0.6782869890398562, "top_10_bleurt_mean": 0.5581982095062733, "top_10_bleurt_median": 0.8063507080078125, "top_10_bleurt_std": 0.6508034182369662, "top_10_comet_mean": 0.7226268908854008, "top_10_comet_median": 0.9109901189804077, "top_10_comet_std": 0.5863444637001292, "best_comet_mean": 0.6598483929213872, "best_comet_median": 0.9015797972679138, "best_comet_std": 0.651483071154949}