{"mean_kendall_taus": 0.7498440833003124, "median_kendall_taus": 0.7435897435897434, "std_kendall_taus": 0.15796557441803413, "MSE": 0.0015746263751769312, "top_10_chrf_mean": 0.7038644280304064, "top_10_chrf_median": 0.7141154665642548, "top_10_chrf_std": 0.25319787488379714, "best_chrf_mean": 0.6976275536305914, "best_chrf_median": 0.709602016636792, "best_chrf_std": 0.2586664640799174}