{"mean_kendall_taus": 0.799594847508221, "median_kendall_taus": 0.7999999999999999, "std_kendall_taus": 0.13394170905547956, "MSE": 0.0009740846362375612, "best_bleurt_mean": 0.5006642536520958, "best_bleurt_median": 0.8256580829620361, "best_bleurt_std": 0.7231530544755669, "top_10_bleurt_mean": 0.531899075883627, "top_10_bleurt_median": 0.8149053156375885, "top_10_bleurt_std": 0.6890388674299988, "top_10_chrf_mean": 0.7058637054434955, "top_10_chrf_median": 0.7184242997650467, "top_10_chrf_std": 0.2539842279846552, "best_chrf_mean": 0.7043267031988258, "best_chrf_median": 0.7126698692318539, "best_chrf_std": 0.25859478538653324}