{"1": 0.03524648904800415, "2": 0.03471473614374797, "3": 0.03710593064626058, "4": 0.03679359992345174, "5": 0.03923253059387207, "10": 0.046412130196889244, "25": 0.05171272754669189, "50": 0.10294493595759074, "100": 0.1968046736717224, "1000": 1.719234013557434}