{"mean_kendall_taus": 0.7077621134762594, "median_kendall_taus": 0.6884740061629586, "std_kendall_taus": 0.1674576170892363, "MSE": 0.0019102977701523, "top_10_unigram_f1_mean": 0.7203266650199259, "top_10_unigram_f1_median": 0.75, "top_10_unigram_f1_std": 0.25423845605897777, "best_unigram_f1_mean": 0.7129079886541485, "best_unigram_f1_median": 0.75, "best_unigram_f1_std": 0.25656395646634045}