{"mean_kendall_taus": 0.907293243095459, "median_kendall_taus": 0.9116400482152637, "std_kendall_taus": 0.08581244554657078, "MSE": 9.672131165448035e-05, "best_bleurt_mean": 0.49444211843013763, "best_bleurt_median": 0.8084388077259064, "best_bleurt_std": 0.7163259565923626, "top_10_bleurt_mean": 0.5286287493169308, "top_10_bleurt_median": 0.8175726234912872, "top_10_bleurt_std": 0.6917593045659594, "top_10_unigram_f1_mean": 0.7309603674319398, "top_10_unigram_f1_median": 0.7692307692307692, "top_10_unigram_f1_std": 0.25480564779650694, "best_unigram_f1_mean": 0.7296726127745282, "best_unigram_f1_median": 0.7692307692307692, "best_unigram_f1_std": 0.2566653122383669}