{"mean_kendall_taus": 0.907293243095459, "median_kendall_taus": 0.9116400482152637, "std_kendall_taus": 0.08581244554657078, "MSE": 9.672131165448035e-05, "top_10_unigram_f1_mean": 0.7309603674319398, "top_10_unigram_f1_median": 0.7692307692307692, "top_10_unigram_f1_std": 0.25480564779650694, "best_unigram_f1_mean": 0.7296726127745282, "best_unigram_f1_median": 0.7692307692307692, "best_unigram_f1_std": 0.2566653122383669}