{"mean_kendall_taus": 0.806471151057254, "median_kendall_taus": 0.8074756784434203, "std_kendall_taus": 0.13574035281222832, "MSE": 0.017519643284761126, "top_10_comet_mean": 0.7317939051585824, "top_10_comet_median": 0.9198880195617676, "top_10_comet_std": 0.5778862015677583, "best_comet_mean": 0.6908548594880652, "best_comet_median": 0.9113532900810242, "best_comet_std": 0.6166853467764455}