{"mean_kendall_taus": 0.9004298940997422, "median_kendall_taus": 0.9049615653389237, "std_kendall_taus": 0.08961385163428208, "MSE": 0.0034604779477165754, "best_bleurt_mean": 0.5733752384841442, "best_bleurt_median": 0.8378482460975647, "best_bleurt_std": 0.6517454775325552, "top_10_bleurt_mean": 0.5796710379332304, "top_10_bleurt_median": 0.8334000706672668, "top_10_bleurt_std": 0.6440813477917623, "top_10_comet_mean": 0.7400098468069589, "top_10_comet_median": 0.9283280074596405, "top_10_comet_std": 0.5764943635368349, "best_comet_mean": 0.7245558028784221, "best_comet_median": 0.9263235032558441, "best_comet_std": 0.5969296132996039}