{"mean_kendall_taus": 0.7199344010070077, "median_kendall_taus": 0.7007817533767097, "std_kendall_taus": 0.16045768771737312, "MSE": 0.001711449280295338, "top_10_unigram_f1_mean": 0.7224092496266638, "top_10_unigram_f1_median": 0.75, "top_10_unigram_f1_std": 0.2545180651250622, "best_unigram_f1_mean": 0.7148427701370978, "best_unigram_f1_median": 0.75, "best_unigram_f1_std": 0.2571647591284702}