{"mean_kendall_taus": 0.8843032799260521, "median_kendall_taus": 0.8825396825396826, "std_kendall_taus": 0.08632639308176379, "MSE": 0.00018021695910323213, "best_bleurt_mean": 0.49874152925610543, "best_bleurt_median": 0.8115140795707703, "best_bleurt_std": 0.7161250747207758, "top_10_bleurt_mean": 0.528955135795474, "top_10_bleurt_median": 0.816854327917099, "top_10_bleurt_std": 0.68919568879061, "top_10_unigram_f1_mean": 0.7300500526588739, "top_10_unigram_f1_median": 0.7692307692307692, "top_10_unigram_f1_std": 0.25578980617133207, "best_unigram_f1_mean": 0.7305702664840039, "best_unigram_f1_median": 0.7692307692307692, "best_unigram_f1_std": 0.2571327372347033}