{"mean_kendall_taus": 0.7656557415801485, "median_kendall_taus": 0.821969696969697, "std_kendall_taus": 0.23777631274135685, "top_10_comet_mean": 0.701256745604603, "top_10_comet_median": 0.9067641496658325, "top_10_comet_std": 0.6035074345847329, "best_comet_mean": 0.5851400645516335, "best_comet_median": 0.8690380454063416, "best_comet_std": 0.7167093185714449}