{"mean_kendall_taus": 0.4352045859995263, "median_kendall_taus": 0.45739348370927324, "std_kendall_taus": 0.27553831853734423, "MSE": 0.1577733036623567, "top_10_comet_mean": 0.6504592019179419, "top_10_comet_median": 0.8573822677135468, "top_10_comet_std": 0.5962942779402294, "best_comet_mean": 0.46800127576440453, "best_comet_median": 0.7745958268642426, "best_comet_std": 0.724548485428362}