{"mean_kendall_taus": 0.43523497331362015, "median_kendall_taus": 0.45737373737373743, "std_kendall_taus": 0.27547049775753435, "MSE": 0.15777425656162547, "best_bleurt_mean": 0.3624283326894045, "best_bleurt_median": 0.62251415848732, "best_bleurt_std": 0.7021231626725137, "top_10_bleurt_mean": 0.504186345821619, "top_10_bleurt_median": 0.7181089818477631, "top_10_bleurt_std": 0.6298403767509403, "top_10_comet_mean": 0.6504636889052745, "top_10_comet_median": 0.858287900686264, "top_10_comet_std": 0.5963359838516067, "best_comet_mean": 0.4685621606189815, "best_comet_median": 0.7748002409934998, "best_comet_std": 0.7245532896915747}