{"mean_kendall_taus": 0.6481566888413953, "median_kendall_taus": 0.6246246246246245, "std_kendall_taus": 0.20171517734972264, "MSE": 0.00444747144217138, "top_10_chrf_mean": 0.6968266675787667, "top_10_chrf_median": 0.7065265742086964, "top_10_chrf_std": 0.25067685585564464, "best_chrf_mean": 0.6818859282613513, "best_chrf_median": 0.6864524298196285, "best_chrf_std": 0.257012437741354}