{"mean_kendall_taus": 0.7498808515025375, "median_kendall_taus": 0.746236559139785, "std_kendall_taus": 0.15421383790994403, "MSE": 0.0026843946715630336, "top_10_chrf_mean": 0.7062209768361374, "top_10_chrf_median": 0.716304722404653, "top_10_chrf_std": 0.2538826374013708, "best_chrf_mean": 0.7044588884747175, "best_chrf_median": 0.7129881645278165, "best_chrf_std": 0.2598234050776319}