{"mean_kendall_taus": 0.7228446312713914, "median_kendall_taus": 0.7166666666666666, "std_kendall_taus": 0.1594593928197263, "MSE": 0.0030199472983626643, "best_bleurt_mean": 0.5174837888419628, "best_bleurt_median": 0.8289851546287537, "best_bleurt_std": 0.7128300831934046, "top_10_bleurt_mean": 0.5398105716973544, "top_10_bleurt_median": 0.8222513794898987, "top_10_bleurt_std": 0.6802265095479194, "top_10_chrf_mean": 0.7063197278257544, "top_10_chrf_median": 0.7170511063362249, "top_10_chrf_std": 0.2530892699196816, "best_chrf_mean": 0.7038003352870744, "best_chrf_median": 0.7109015609729804, "best_chrf_std": 0.25865269469679614}