{"mean_kendall_taus": 0.4449346309257708, "median_kendall_taus": 0.45362821239077833, "std_kendall_taus": 0.24890735467868805, "MSE": 0.007667932692648993, "best_bleurt_mean": 0.5054309003323316, "best_bleurt_median": 0.7480900287628174, "best_bleurt_std": 0.6403788168077509, "top_10_bleurt_mean": 0.5185172916084528, "top_10_bleurt_median": 0.7649885714054108, "top_10_bleurt_std": 0.6574543663150128, "top_10_unigram_f1_mean": 0.7024079807405246, "top_10_unigram_f1_median": 0.7272727272727272, "top_10_unigram_f1_std": 0.2510893142900758, "best_unigram_f1_mean": 0.679052122817429, "best_unigram_f1_median": 0.7142857142857143, "best_unigram_f1_std": 0.2564474875251018}