{"mean_kendall_taus": 0.6790507091946419, "median_kendall_taus": 0.6635318704284222, "std_kendall_taus": 0.1920026614985257, "MSE": 0.0033243105768507894, "top_10_chrf_mean": 0.6982453996561884, "top_10_chrf_median": 0.7105234485620209, "top_10_chrf_std": 0.25078784412062843, "best_chrf_mean": 0.6865615394937579, "best_chrf_median": 0.6977293145406656, "best_chrf_std": 0.2559309955844211}