{"mean_kendall_taus": 0.7973627250671474, "median_kendall_taus": 0.7948717948717947, "std_kendall_taus": 0.13886706402896098, "MSE": 0.022479835613439088, "best_bleurt_mean": 0.5610488516271115, "best_bleurt_median": 0.823781430721283, "best_bleurt_std": 0.6529217448155996, "top_10_bleurt_mean": 0.579613961288333, "top_10_bleurt_median": 0.8291828036308289, "top_10_bleurt_std": 0.6382006528845612, "top_10_comet_mean": 0.7318150712677242, "top_10_comet_median": 0.9260046482086182, "top_10_comet_std": 0.5837905473008052, "best_comet_mean": 0.6937339832105203, "best_comet_median": 0.9148323833942413, "best_comet_std": 0.6266321859339384}