{"mean_kendall_taus": 0.8459858411990647, "median_kendall_taus": 0.8389975850533916, "std_kendall_taus": 0.1119709458985804, "MSE": 0.00038464899482999716, "best_bleurt_mean": 0.46162295788228513, "best_bleurt_median": 0.7807222008705139, "best_bleurt_std": 0.7369731447324837, "top_10_bleurt_mean": 0.5234962803900242, "top_10_bleurt_median": 0.8132346570491791, "top_10_bleurt_std": 0.6909684131903029, "top_10_unigram_f1_mean": 0.7290013766507998, "top_10_unigram_f1_median": 0.7692307692307692, "top_10_unigram_f1_std": 0.25553507824225236, "best_unigram_f1_mean": 0.7248228304664539, "best_unigram_f1_median": 0.7602627257799672, "best_unigram_f1_std": 0.2577102701976859}