{"mean_kendall_taus": 0.8099227720860506, "median_kendall_taus": 0.8095238095238096, "std_kendall_taus": 0.13916195206550477, "MSE": 0.01839622417177693, "best_bleurt_mean": 0.5367894887328147, "best_bleurt_median": 0.8100545704364777, "best_bleurt_std": 0.6671241662403812, "top_10_bleurt_mean": 0.5636437977612019, "top_10_bleurt_median": 0.8147197961807251, "top_10_bleurt_std": 0.647101764270637, "top_10_comet_mean": 0.7286631794700098, "top_10_comet_median": 0.9180726408958435, "top_10_comet_std": 0.580370545612628, "best_comet_mean": 0.6899095435209185, "best_comet_median": 0.9149557948112488, "best_comet_std": 0.6237945349050154}