{"mean_kendall_taus": 0.9311625238560737, "median_kendall_taus": 0.9473684210526316, "std_kendall_taus": 0.08327292453013597, "top_10_comet_mean": 0.7380844882207489, "top_10_comet_median": 0.9273361265659332, "top_10_comet_std": 0.5810842234335665, "best_comet_mean": 0.7204948033529215, "best_comet_median": 0.9371015429496765, "best_comet_std": 0.6115521816662972}