{"mean_kendall_taus": 0.8059502355807823, "median_kendall_taus": 0.8078078078078078, "std_kendall_taus": 0.13681203134035938, "MSE": 0.025816045547406095, "top_10_comet_mean": 0.7321536065946287, "top_10_comet_median": 0.9190773665904999, "top_10_comet_std": 0.5783281933846884, "best_comet_mean": 0.6921084517727294, "best_comet_median": 0.9120501279830933, "best_comet_std": 0.6171287634849238}