{"mean_kendall_taus": 0.603035210697415, "median_kendall_taus": 0.5724137931034483, "std_kendall_taus": 0.2243719281938795, "MSE": 0.006603082936085927, "best_bleurt_mean": 0.41390445694327355, "best_bleurt_median": 0.7368012070655823, "best_bleurt_std": 0.7517808447748848, "top_10_bleurt_mean": 0.4688016927152872, "top_10_bleurt_median": 0.7535358667373657, "top_10_bleurt_std": 0.7087473584490762, "top_10_chrf_mean": 0.6909405750651192, "top_10_chrf_median": 0.6969539859650861, "top_10_chrf_std": 0.2506076952042649, "best_chrf_mean": 0.6787216855997286, "best_chrf_median": 0.6804802861572667, "best_chrf_std": 0.2580286774281457}