{"mean_kendall_taus": 0.603035210697415, "median_kendall_taus": 0.5724137931034483, "std_kendall_taus": 0.2243719281938795, "MSE": 0.006603082936085927, "top_10_chrf_mean": 0.6909405750651192, "top_10_chrf_median": 0.6969539859650861, "top_10_chrf_std": 0.2506076952042649, "best_chrf_mean": 0.6787216855997286, "best_chrf_median": 0.6804802861572667, "best_chrf_std": 0.2580286774281457}