{"mean_kendall_taus": 0.7675437705390344, "median_kendall_taus": 0.7638453500522466, "std_kendall_taus": 0.1541889214004961, "MSE": 0.0013337264803902889, "top_10_chrf_mean": 0.7028143196140539, "top_10_chrf_median": 0.7159377944693595, "top_10_chrf_std": 0.2529544097875208, "best_chrf_mean": 0.694678429526125, "best_chrf_median": 0.7042291123590445, "best_chrf_std": 0.25913364629552627}