{"mean_kendall_taus": 0.6969911364068371, "median_kendall_taus": 0.6685714285714285, "std_kendall_taus": 0.17508375476780771, "MSE": 0.00241475169320027, "best_bleurt_mean": 0.41391755983531475, "best_bleurt_median": 0.7383773624897003, "best_bleurt_std": 0.7535063208587978, "top_10_bleurt_mean": 0.48563090877830983, "top_10_bleurt_median": 0.7730861306190491, "top_10_bleurt_std": 0.7050256975420146, "top_10_unigram_f1_mean": 0.7212594946861359, "top_10_unigram_f1_median": 0.75, "top_10_unigram_f1_std": 0.2528541416770718, "best_unigram_f1_mean": 0.711884390113315, "best_unigram_f1_median": 0.75, "best_unigram_f1_std": 0.25732939474967864}