{"mean_kendall_taus": 0.6969911364068371, "median_kendall_taus": 0.6685714285714285, "std_kendall_taus": 0.17508375476780771, "MSE": 0.00241475169320027, "top_10_unigram_f1_mean": 0.7212594946861359, "top_10_unigram_f1_median": 0.75, "top_10_unigram_f1_std": 0.2528541416770718, "best_unigram_f1_mean": 0.711884390113315, "best_unigram_f1_median": 0.75, "best_unigram_f1_std": 0.25732939474967864}